screen_date,trade_date,ticker,Efficiency,Quality,Valuation_Alt,Volatility,Composite_Ret,Total_Score,Region,Weight,US_Regime,JP_Regime,Regime_Exposure
2019-03-29,2019-04-01,US3,0.8545746539293941,1.188690718346732,5.94350824678785,0.1907444508766026,0.163005373096825,1.0229318139377337,US,0.0820904202341801,BULL,BULL,1.0
2019-03-29,2019-04-01,US7,0.6698292248616894,1.1634901289726347,5.53124362314792,0.19441983844028282,0.13022808968018953,0.5028262262368373,US,0.08053855128887871,BULL,BULL,1.0
2019-03-29,2019-04-01,US6,0.24935652631151675,1.2430332741876964,5.468865322176214,0.19358956083838588,0.04827282042083194,0.34021989169174416,US,0.08088396947638217,BULL,BULL,1.0
2019-03-29,2019-04-01,US4,0.3780071083534222,1.0121143495079878,6.184439531788836,0.18598300747727034,0.07030289885935587,0.04948899076808336,US,0.08419205787771708,BULL,BULL,1.0
2019-03-29,2019-04-01,US0,0.3822200621029282,1.1153829821077177,5.3571591291259555,0.18666609968017778,0.07134752821226893,-0.06110086966937417,US,0.0838839626296697,BULL,BULL,1.0
2019-03-29,2019-04-01,US1,0.20112349388091916,0.968899587183803,5.861479244518645,0.20503510498073224,0.04123737668196592,-0.4755342941434695,US,0.07636883513810812,BULL,BULL,1.0
2019-03-29,2019-04-01,JP3.T,2.2408765313705175,1.1115201716194893,5.852539880576719,0.1708659864614982,0.3828895790710439,0.7803579473048027,JP,0.09164077915136473,BULL,BULL,1.0
2019-03-29,2019-04-01,JP0.T,2.9787763018149214,1.0551364248937218,5.441489812050392,0.18853916523730252,0.5616159973728444,0.6400913507353719,JP,0.0830506070719583,BULL,BULL,1.0
2019-03-29,2019-04-01,JP5.T,0.5202800168817129,1.144165878306959,6.047688658704798,0.18025612152600828,0.09378365795058369,0.34985392996221104,JP,0.08686690913594838,BULL,BULL,1.0
2019-03-29,2019-04-01,JP4.T,1.1330970572123218,1.1239792872203187,5.3074753378134965,0.19016566628897266,0.21547615685485536,0.1558745115566763,JP,0.0823402690683614,BULL,BULL,1.0
2019-03-29,2019-04-01,JP1.T,0.6348233102155532,1.111814468663394,5.534945971897184,0.1993503306242421,0.12655223677944633,0.0229344105454588,JP,0.07854660727557429,BULL,BULL,1.0
2019-03-29,2019-04-01,JP7.T,0.5408178716430889,0.9758903928467836,6.257424418012149,0.17476351438338858,0.09451523188969056,-0.22897947494130438,JP,0.08959703165185699,BULL,BULL,1.0
2019-06-28,2019-07-01,US0,0.6939935280047052,1.100273522305198,5.431235859946772,0.19610543166679414,0.1360959003833241,0.4218909971408846,US,0.08025376921236066,BEAR,BULL,0.6
2019-06-28,2019-07-01,US3,0.0030901801245943783,1.1496601058184492,6.516433192303239,0.18205196226366538,0.0005625733554305845,0.41634395467843444,US,0.08644894489785102,BEAR,BULL,0.6
2019-06-28,2019-07-01,US6,0.15147794699003442,1.2252810012455806,5.311004550304286,0.1968734370779854,0.02982198406544495,0.4148966228513151,US,0.07994069838910291,BEAR,BULL,0.6
2019-06-28,2019-07-01,US4,0.6837949256537939,1.0684857542845076,5.6119973253805115,0.1866358378389997,0.12762063885945232,0.3421078477536664,US,0.08432571277041512,BEAR,BULL,0.6
2019-06-28,2019-07-01,US7,-0.40740147617378,1.143035799585547,6.698562938639539,0.18059779652519484,-0.07357580889809633,0.06720112202038037,US,0.0871450281071489,BEAR,BULL,0.6
2019-06-28,2019-07-01,US5,0.26104864772255915,1.0180938466587388,5.86441540769148,0.19306405330142778,0.0503991100381738,-0.18654726959332515,US,0.08151802360486789,BEAR,BULL,0.6
2019-06-28,2019-07-01,JP0.T,2.593041599831688,1.1189549144934368,5.234279646003537,0.19122766253065154,0.4958612839805548,1.061179249862111,JP,0.08230085462533232,BEAR,BULL,0.6
2019-06-28,2019-07-01,JP5.T,0.5357818896202675,1.147227126189418,5.686623197672295,0.18500946314338065,0.09912471976059171,0.4606090215847026,JP,0.08506700028679236,BEAR,BULL,0.6
2019-06-28,2019-07-01,JP3.T,1.530315316580416,1.0168575307818404,5.713063452556927,0.17503743977365455,0.26786247506064564,0.34420561153178464,JP,0.08991333553912087,BEAR,BULL,0.6
2019-06-28,2019-07-01,JP7.T,0.22840610736813316,1.0128529281721745,6.322771984163974,0.18486377546676003,0.04222401534773925,0.05545768222347369,JP,0.08513403999534302,BEAR,BULL,0.6
2019-06-28,2019-07-01,JP1.T,0.515478362042557,1.061895875167235,5.321144562729898,0.20918935945520384,0.10783258836870017,-0.1758282516306274,JP,0.07523422842951755,BEAR,BULL,0.6
2019-06-28,2019-07-01,JP4.T,0.7448927527287944,0.9898571930364446,5.61932287721097,0.19026246731900937,0.14172513302222917,-0.2257302568762997,JP,0.08271836414214752,BEAR,BULL,0.6
2019-09-30,2019-10-01,US1,1.2197614385684277,1.095507056691807,5.000191994652918,0.20071075236903746,0.24481923604580857,0.5633827565856271,US,0.07974975138092937,BEAR,BULL,0.6
2019-09-30,2019-10-01,US3,-0.5828815249673327,1.2023648460149001,6.46893395483693,0.19030984004637577,-0.11092808978252068,0.5395145959835121,US,0.08410827625628517,BEAR,BULL,0.6
2019-09-30,2019-10-01,US7,-0.042292613411366975,1.1277501498683065,6.221559073008055,0.18548245448877032,-0.007844537742285032,0.3999130948598638,US,0.08629728695917763,BEAR,BULL,0.6
2019-09-30,2019-10-01,US2,0.7259673197311937,0.9891533559679953,5.553695235838183,0.19107218603997414,0.13871216277462003,-0.04376783047991861,US,0.08377269833277186,BEAR,BULL,0.6
2019-09-30,2019-10-01,US0,0.26402280852262855,1.0003713040480042,5.5796142974619665,0.1934304437785735,0.05107004902019737,-0.22713045819520528,US,0.08275136161727138,BEAR,BULL,0.6
2019-09-30,2019-10-01,US6,-1.1526342383942554,1.0466020986040725,7.13775881698431,0.1947274443113777,-0.22444951946830463,-0.3092983686636671,US,0.08220018835821986,BEAR,BULL,0.6
2019-09-30,2019-10-01,JP0.T,2.756493251246148,1.2042750737814494,5.371448409084424,0.18919584068919254,0.5215170580236006,1.2926318928977822,JP,0.08460351212057257,BEAR,BULL,0.6
2019-09-30,2019-10-01,JP5.T,1.1237282195908718,1.2248688075967422,5.657349077154851,0.17938653677489755,0.20158171358862806,0.7294389944964789,JP,0.08922984349152062,BEAR,BULL,0.6
2019-09-30,2019-10-01,JP4.T,0.9115111071193168,1.0888192987747578,5.133346436701675,0.19547215108159383,0.17817503684337796,0.02183944921481648,JP,0.08188702335520184,BEAR,BULL,0.6
2019-09-30,2019-10-01,JP3.T,0.914358620038684,0.9605180083505109,5.783233957061598,0.18299229623277535,0.16732058346111053,-0.1533720364942362,JP,0.08747162001043356,BEAR,BULL,0.6
2019-09-30,2019-10-01,JP1.T,0.7307815733064803,1.0461205705403855,5.099312360745736,0.21014814605721763,0.1535723928031335,-0.20538227837930706,JP,0.07616832649359583,BEAR,BULL,0.6
2019-09-30,2019-10-01,JP6.T,0.3806940966312366,0.9771796903283102,5.621890772324039,0.1957755717668005,0.07453060443622594,-0.39555920185820564,JP,0.08176011162402036,BEAR,BULL,0.6
2019-12-31,2020-01-01,US1,1.5418204891671439,1.10176783662299,5.187258840435707,0.198578878684688,0.30617298387188857,0.7371931510542868,US,0.08053070315558729,BULL,BEAR,0.6
2019-12-31,2020-01-01,US3,0.14501764782440119,1.305125145197996,5.610526559383805,0.18992043924177107,0.02754181537261874,0.6747088862310426,US,0.0842020837576537,BULL,BEAR,0.6
2019-12-31,2020-01-01,US7,0.45066839075976733,1.0781142839830462,5.591496820670382,0.18938911600506964,0.08535168813741963,0.09677087087911035,US,0.08443830917874878,BULL,BEAR,0.6
2019-12-31,2020-01-01,US4,0.562169360589766,1.0045378412816468,5.393413756635576,0.19434556424769084,0.10925512158658164,-0.16913967564898788,US,0.082284855814588,BULL,BEAR,0.6
2019-12-31,2020-01-01,US2,0.21092950444827854,0.9766376021905099,6.125982466266696,0.1917128585806819,0.04043789825678614,-0.17146249956794107,US,0.08341483638978718,BULL,BEAR,0.6
2019-12-31,2020-01-01,US6,-0.4181689061309621,1.0404494178497845,6.544248671220049,0.1901167401426696,-0.07950090926264451,-0.19146027053075365,US,0.08411514272927947,BULL,BEAR,0.6
2019-12-31,2020-01-01,JP0.T,1.4080402883792866,1.2156211759822606,5.382987802134679,0.1929177554456551,0.2716359720111849,0.8149350083421054,JP,0.08289385647984511,BULL,BEAR,0.6
2019-12-31,2020-01-01,JP4.T,2.7309045493929522,1.0786713619676151,5.437077527638566,0.18644849966060636,0.5091730559506402,0.7122286535723148,JP,0.08577004782251291,BULL,BEAR,0.6
2019-12-31,2020-01-01,JP3.T,2.136477651646634,1.0416305766710925,5.325841500664623,0.18782407254530314,0.40128193343429636,0.3490563816639414,JP,0.08514189110913242,BULL,BEAR,0.6
2019-12-31,2020-01-01,JP5.T,0.07862813168337618,1.108590881292595,5.843653445914957,0.18704974702190172,0.014707372140180289,0.05373978538320831,JP,0.08549435103193972,BULL,BEAR,0.6
2019-12-31,2020-01-01,JP6.T,0.4327562579040424,1.0264088887119265,5.6622243213216175,0.19280844595035795,0.08343906156177072,-0.19505359208705148,JP,0.08294085175316096,BULL,BEAR,0.6
2019-12-31,2020-01-01,JP1.T,0.6884306787894509,0.9926014931394826,4.9564469938720785,0.2030096906776926,0.13975809915408036,-0.39248847531900793,JP,0.07877307077776466,BULL,BEAR,0.6
2020-03-31,2020-04-01,US1,1.3150365267676138,1.1847628738493419,5.74690326975239,0.18730510496679104,0.24631305468137224,1.019984097668459,US,0.08565792924391782,BEAR,BULL,0.6
2020-03-31,2020-04-01,US3,0.17293353607521883,1.2887816145370543,5.4878806623112695,0.19540360022518555,0.033791835548769765,0.4365823369877279,US,0.0821078394143224,BEAR,BULL,0.6
2020-03-31,2020-04-01,US5,1.1365548421917357,1.0907038881811442,5.010361633716863,0.1995863917826955,0.22684088001619943,0.23580087321061688,US,0.08038708092753367,BEAR,BULL,0.6
2020-03-31,2020-04-01,US6,0.08642641613391384,1.0810972255897024,6.366154863012309,0.1922801635503318,0.01661808542929799,0.02475478258977737,US,0.08344161525570065,BEAR,BULL,0.6
2020-03-31,2020-04-01,US4,0.5657080878121573,1.0812829677295632,5.182319551598639,0.197159533386844,0.1115347426262087,-0.14059889543304604,US,0.08137657435407877,BEAR,BULL,0.6
2020-03-31,2020-04-01,US7,0.5531608060964468,1.0185442666090967,5.531332101413102,0.18505226401044203,0.1023636595299886,-0.21848303782670295,US,0.08670073567629874,BEAR,BULL,0.6
2020-03-31,2020-04-01,JP0.T,1.2017545375817,1.2810399220825734,5.437345789311854,0.19230172140321836,0.2310994662810896,0.8702436046730155,JP,0.08343226109052121,BEAR,BULL,0.6
2020-03-31,2020-04-01,JP3.T,1.4507225226538965,1.12467982288349,5.414653886303507,0.19546491964153345,0.28356536131270654,0.41318150642327156,JP,0.08208208131512124,BEAR,BULL,0.6
2020-03-31,2020-04-01,JP4.T,1.9354945873367073,1.05936252782958,5.22415704116838,0.19175953941364515,0.3711495506052902,0.3143976849986392,JP,0.0836681579301307,BEAR,BULL,0.6
2020-03-31,2020-04-01,JP1.T,1.9903847476177485,0.9788555004021482,4.850358517798649,0.2061703266532663,0.4103582735820302,-0.02953406259974467,JP,0.07781996414669698,BEAR,BULL,0.6
2020-03-31,2020-04-01,JP5.T,0.23352571655798274,1.0743177403136188,6.0274954603896616,0.18251420223230672,0.042621759858307996,-0.0472346076397685,JP,0.08790640526619806,BEAR,BULL,0.6
2020-03-31,2020-04-01,JP6.T,-0.28307388229675295,1.0035188144968774,6.361034607170897,0.1878282428729762,-0.05316926991503079,-0.3962748450380325,JP,0.08541935537947974,BEAR,BULL,0.6
2020-06-30,2020-07-01,US1,0.9319397701651718,1.173176667042771,5.714326151057866,0.19191207827098716,0.17885049811578424,0.6352659932863659,US,0.08378101680110939,BEAR,BEAR,0.2
2020-06-30,2020-07-01,US5,2.293601398083731,1.1150900385560234,5.038173982537699,0.20153451314091791,0.4622398411021334,0.6242231319234819,US,0.07978082167353068,BEAR,BEAR,0.2
2020-06-30,2020-07-01,US3,-0.01324005248333727,1.261987369535075,5.5960231049967,0.19673838155912612,-0.0026048264973296633,0.5179215576499417,US,0.08172573610973449,BEAR,BEAR,0.2
2020-06-30,2020-07-01,US2,-0.25576955863681355,1.0442711128968079,6.203422330908968,0.19619113611320535,-0.05017972029212955,-0.13321357554499036,US,0.08195369766695168,BEAR,BEAR,0.2
2020-06-30,2020-07-01,US6,0.4054145393944251,1.0312719606139655,5.478694428201301,0.18634908274020373,0.07554862754569332,-0.29340276302740553,US,0.08628209389349752,BEAR,BEAR,0.2
2020-06-30,2020-07-01,US7,0.6654970395333549,0.9800433311881083,5.577083479897249,0.18476589583666497,0.12296115668602876,-0.33312982579213934,US,0.08702141150643429,BEAR,BEAR,0.2
2020-06-30,2020-07-01,JP3.T,1.3493545388167716,1.2552331018636478,5.464515770888881,0.194702485265352,0.2627226822117083,0.6689612578926503,JP,0.08258029696973077,BEAR,BEAR,0.2
2020-06-30,2020-07-01,JP0.T,1.1524476681612643,1.2784369671181874,5.4615709559428085,0.19092591388224786,0.22003212424515492,0.6362855339830275,JP,0.08421375981404886,BEAR,BEAR,0.2
2020-06-30,2020-07-01,JP4.T,1.3752283599895816,1.13523505343006,5.349765618682643,0.189545948345091,0.26066896368528947,0.2538620918783894,JP,0.0848268675449839,BEAR,BEAR,0.2
2020-06-30,2020-07-01,JP1.T,1.812010998174404,1.0801895987759949,5.0795023715677985,0.2019645534131344,0.3659619920259814,0.20931085713472689,JP,0.07961094549629892,BEAR,BEAR,0.2
2020-06-30,2020-07-01,JP2.T,0.7133307878429499,1.1464827411106298,5.405218525714895,0.1971829119238254,0.14065664191178937,-0.04537127710087291,JP,0.0815414931095489,BEAR,BEAR,0.2
2020-06-30,2020-07-01,JP5.T,0.4191373464127422,1.0710987855894738,5.965875005051001,0.1854896648806351,0.07774564592505821,-0.23204494021674948,JP,0.08668185941413054,BEAR,BEAR,0.2
2020-09-30,2020-10-01,US3,0.924438553918745,1.2844636923785657,5.069181930891502,0.19852588172859004,0.18352497902062156,0.8342337850570156,US,0.08135978132862513,BULL,BULL,1.0
2020-09-30,2020-10-01,US5,1.3372876366797428,1.1109936586147608,5.985219487760194,0.19616719079505665,0.2623319589724255,0.5920826730086025,US,0.08233804164726617,BULL,BULL,1.0
2020-09-30,2020-10-01,US1,0.9678375244601005,1.1771223801427217,5.472938043140818,0.18638501308109426,0.18039040965686973,0.5478154245817128,US,0.08665944787354227,BULL,BULL,1.0
2020-09-30,2020-10-01,US6,0.5453340085964125,1.0906992460056277,5.665847026411433,0.18642262016798508,0.10166259474925371,0.07671295377697789,US,0.08664196603907844,BULL,BULL,1.0
2020-09-30,2020-10-01,US7,0.2493120493364412,1.014178533327474,5.881482584750726,0.1814212984705114,0.04523051571496136,-0.2938767367008519,US,0.0890304636869081,BULL,BULL,1.0
2020-09-30,2020-10-01,US4,0.5295554174217494,1.0496683933703181,4.764162389025375,0.21631181845905706,0.11454909531734363,-0.30767585196019953,US,0.07467008710191114,BULL,BULL,1.0
2020-09-30,2020-10-01,JP4.T,1.3600551891078814,1.1215282566059412,5.684289154211132,0.18594883059527562,0.252900671959647,0.59710643685158,JP,0.08686272601878334,BULL,BULL,1.0
2020-09-30,2020-10-01,JP3.T,0.8393722485858112,1.167849793913026,5.912879208183042,0.1894336127798799,0.15900531751678165,0.551604033736429,JP,0.08526481699042018,BULL,BULL,1.0
2020-09-30,2020-10-01,JP2.T,0.798683561487705,1.233803239014086,5.016040526174803,0.20073879250332807,0.1603267737252995,0.5494905404749164,JP,0.08046288474731557,BULL,BULL,1.0
2020-09-30,2020-10-01,JP1.T,1.219643015191467,1.114323852554897,5.219996824744053,0.199622979006702,0.24346877201723693,0.35193281767887596,JP,0.08091264044791309,BULL,BULL,1.0
2020-09-30,2020-10-01,JP0.T,0.25879662012081767,1.1114687606657625,5.583894081324276,0.19547375005350712,0.05058794583618914,-0.12032757180634898,JP,0.08263013484464939,BULL,BULL,1.0
2020-09-30,2020-10-01,JP5.T,0.2697990733425199,1.0593378839904868,5.515725873527286,0.19421189323252808,0.052398188826232484,-0.3527113110591281,JP,0.08316700927358717,BULL,BULL,1.0
2020-12-31,2021-01-01,US5,0.6274189649104975,1.1963948341018389,6.23482130452255,0.1956221470570539,0.12273704502010589,1.0298856093207893,US,0.08326480035533072,BULL,BULL,1.0
2020-12-31,2021-01-01,US1,0.9531638218060587,1.2104278280981662,5.5034404426216295,0.18717697409424874,0.1784103199817678,0.9796880603938687,US,0.08702159599815448,BULL,BULL,1.0
2020-12-31,2021-01-01,US3,0.25754960601682586,1.1137511999777685,5.544432366017451,0.19319201899181415,0.04975652837693687,0.05467126179261558,US,0.08431217347791632,BULL,BULL,1.0
2020-12-31,2021-01-01,US7,0.4007101040810222,1.080144318031251,5.548101687838971,0.18713768751847915,0.07498796224301159,0.04709269340378423,US,0.08703986479569124,BULL,BULL,1.0
2020-12-31,2021-01-01,US6,0.6046623638890687,1.054366511153122,5.190593423052898,0.19265619910793172,0.11649195277048507,-0.06486686977601433,US,0.08454666444790326,BULL,BULL,1.0
2020-12-31,2021-01-01,US4,-0.18014522191304913,1.006728589468172,5.9244280549469455,0.21047167153122212,-0.037915465974402394,-0.5224907064816513,US,0.07739017275477121,BULL,BULL,1.0
2020-12-31,2021-01-01,JP2.T,1.2610376705106074,1.2035194897171682,5.184437553290913,0.20213302454598558,0.2548973584067331,0.8804100496395326,JP,0.08058276996731474,BULL,BULL,1.0
2020-12-31,2021-01-01,JP4.T,1.048850461199002,1.1608745712980706,5.4312982201371724,0.1923896168883512,0.20178793840324646,0.6739792525406847,JP,0.08466381545548456,BULL,BULL,1.0
2020-12-31,2021-01-01,JP1.T,0.44467987683305515,1.1462006787724353,5.295793480159552,0.20628362440577291,0.0917301766934353,0.10273377346278625,JP,0.07896137692319363,BULL,BULL,1.0
2020-12-31,2021-01-01,JP3.T,0.7867736094585468,1.0926978954766495,5.2239369796843675,0.1927650902078302,0.15166248580041694,0.09109434123418239,JP,0.0844989048703026,BULL,BULL,1.0
2020-12-31,2021-01-01,JP0.T,0.2761084365377976,1.1113239124116048,5.635188745135878,0.1916991952528843,0.052929765086827875,0.008117311897362818,JP,0.08496873968771482,BULL,BULL,1.0
2020-12-31,2021-01-01,JP5.T,0.5139143568222455,1.0335621802030799,5.549340341409315,0.1968412325175419,0.10115953540535062,-0.18826981972160384,JP,0.08274912126622233,BULL,BULL,1.0
2021-03-31,2021-04-01,US3,1.0927452594439924,1.1600250873931672,5.3209971259021,0.1879347002711384,0.20536475280631408,1.0287534343035383,US,0.08577542326326544,BEAR,BULL,0.6
2021-03-31,2021-04-01,US7,0.5093377218722099,1.1590102842731362,5.533910576276096,0.18488177330892663,0.09416726123286305,0.7217939860567243,US,0.08719182087612252,BEAR,BULL,0.6
2021-03-31,2021-04-01,US1,0.29178111346491276,1.0400966822405744,5.667957670229396,0.19306608446968257,0.05633303709887488,0.12378649110907936,US,0.08349565127345397,BEAR,BULL,0.6
2021-03-31,2021-04-01,US5,-0.5533705090806791,1.07096287926098,6.857843302170158,0.1925260388536961,-0.10653823213175641,0.04659515592769309,US,0.08372986094552036,BEAR,BULL,0.6
2021-03-31,2021-04-01,US4,-0.2681688753007482,1.011383173100176,5.805607135040635,0.20517645013446956,-0.05502193787076074,-0.3048802003680572,US,0.07856739138944503,BEAR,BULL,0.6
2021-03-31,2021-04-01,US6,-0.3498890049988361,0.979490677761538,6.1229930393406455,0.1934572087669193,-0.0676885502853095,-0.40566811565105637,US,0.08332684299727339,BEAR,BULL,0.6
2021-03-31,2021-04-01,JP2.T,0.9657197653684128,1.1747336459093185,5.668880705255351,0.19566622868359623,0.18895874445484476,1.0318614379505624,JP,0.08238610500169193,BEAR,BULL,0.6
2021-03-31,2021-04-01,JP3.T,1.198500062980531,1.0680977417639046,5.419817408546553,0.1869829753866757,0.2240991077772179,0.4567315055434118,JP,0.0862120116993311,BEAR,BULL,0.6
2021-03-31,2021-04-01,JP4.T,0.7270173312355551,1.152211309296016,5.297937757417311,0.19580581903133096,0.1423542239925503,0.4235833797658273,JP,0.08232737178782429,BEAR,BULL,0.6
2021-03-31,2021-04-01,JP0.T,0.627292221055032,1.0741888048220873,5.407093390281138,0.18531505185344296,0.11624669047207466,-0.04397760941581061,JP,0.08698796077482428,BEAR,BULL,0.6
2021-03-31,2021-04-01,JP5.T,0.18235783161741181,1.1258707635644511,5.203560628276151,0.2020865974748026,0.03685207371444573,-0.2969762559675272,JP,0.07976866681434322,BEAR,BULL,0.6
2021-03-31,2021-04-01,JP7.T,0.05124751262855883,1.078368967613962,5.622547424319433,0.20092233581480598,0.010296769942028808,-0.40167965965618296,JP,0.08023089317690445,BEAR,BULL,0.6
2021-06-30,2021-07-01,US3,2.116568354846402,1.2108883562080934,5.31212330974883,0.18824864215120835,0.39844111882005206,1.0218611856244486,US,0.08606267260827387,BULL,BULL,1.0
2021-06-30,2021-07-01,US1,1.249553165282219,1.1387207713016632,5.082017951673666,0.19677222896677668,0.2458773615450733,0.4529506567178714,US,0.08233469399356644,BULL,BULL,1.0
2021-06-30,2021-07-01,US4,0.40364010512282567,1.1338733973080635,5.885670849996925,0.20134393499578582,0.08127048708754236,0.3309051311742076,US,0.08046520625888555,BULL,BULL,1.0
2021-06-30,2021-07-01,US7,0.21014690709554673,1.1646275157400394,5.680094359964582,0.1868000127486508,0.03925544492453766,0.3117919127735434,US,0.08673008647066362,BULL,BULL,1.0
2021-06-30,2021-07-01,US5,-1.227810284439008,1.0017699240597155,7.731627012331349,0.19229775971609836,-0.23610516705400672,-0.21149702752760835,US,0.08425049403763415,BULL,BULL,1.0
2021-06-30,2021-07-01,US6,-0.6180025303411095,0.9511213389321859,5.961017658219389,0.20339257809738798,-0.1256971279167875,-0.558716208354342,US,0.07965473179977166,BULL,BULL,1.0
2021-06-30,2021-07-01,JP3.T,2.321956936447873,1.1769102148286776,5.460564556037542,0.18313124764624153,0.4252228707525438,1.2956007378853716,JP,0.0884675961456218,BULL,BULL,1.0
2021-06-30,2021-07-01,JP0.T,1.9750107134821542,1.0806636356605386,5.394837785139853,0.1929289022080058,0.3810366488011623,0.34323034285927584,JP,0.08397487920676752,BULL,BULL,1.0
2021-06-30,2021-07-01,JP2.T,0.8829440196522689,1.1009408913305738,5.468633408423763,0.1855447850438752,0.16382565833215534,0.10707837159530546,JP,0.08731682356138712,BULL,BULL,1.0
2021-06-30,2021-07-01,JP1.T,2.2256684248837137,1.033436961144585,5.0975724381483785,0.1961718076856277,0.43661339821826184,-0.08925454863619309,JP,0.08258669504832478,BULL,BULL,1.0
2021-06-30,2021-07-01,JP5.T,-0.2734896110045689,1.0732751434188013,6.067447185858518,0.1953214298730468,-0.05341838187683575,-0.2781851430586048,JP,0.08294625566145938,BULL,BULL,1.0
2021-06-30,2021-07-01,JP7.T,0.549514636359181,1.1120155561218104,4.748427998985471,0.21541298091257452,0.11837258587322057,-0.30071550599390595,JP,0.07520986520764414,BULL,BULL,1.0
2021-09-30,2021-10-01,US3,1.295973515780312,1.1696503487336944,5.9373237793433775,0.17396363809242119,0.2254522676765689,0.942429645714907,US,0.0912456507637028,BULL,BULL,1.0
2021-09-30,2021-10-01,US1,1.1724736318192843,1.163069021086174,5.1239077430729125,0.1975899226712421,0.23166897424524277,0.7500290344759484,US,0.08033519702001747,BULL,BULL,1.0
2021-09-30,2021-10-01,US7,-0.2965024523341182,1.126031910660235,6.667350870851692,0.18312459019244587,-0.05429689007474061,0.31492295374807683,US,0.08668101509624047,BULL,BULL,1.0
2021-09-30,2021-10-01,US2,0.16292032527753816,0.9411108485726531,6.286284554011544,0.1845529286339027,0.03006742316395772,-0.19303090752083135,US,0.08601015158341016,BULL,BULL,1.0
2021-09-30,2021-10-01,US6,0.3241441090754454,0.9630078798323481,5.253731304615567,0.19940338326215207,0.06463543201413986,-0.21737196343242418,US,0.0796045940007735,BULL,BULL,1.0
2021-09-30,2021-10-01,US4,-1.2203154546999566,0.9913046433951965,7.229208641223509,0.1940464746301484,-0.23679791192121313,-0.39523307483216685,US,0.081802183715107,BULL,BULL,1.0
2021-09-30,2021-10-01,JP1.T,2.4670134417196863,1.2532627263763516,5.068916038614559,0.19728083724056333,0.4866944772661834,0.9414457477968016,JP,0.08046106043035628,BULL,BULL,1.0
2021-09-30,2021-10-01,JP3.T,1.6753087599546967,1.2037721168804851,5.615245582744299,0.18950964595400022,0.3174871699626497,0.6761337905722727,JP,0.08376051407334283,BULL,BULL,1.0
2021-09-30,2021-10-01,JP0.T,2.6767514197898716,1.137972406049079,5.438307823814269,0.18388072768169078,0.4922029988939605,0.6604393689476724,JP,0.08632457336389357,BULL,BULL,1.0
2021-09-30,2021-10-01,JP6.T,1.2779044641483424,1.042159912888657,5.294233271170389,0.19675216143702604,0.2514304654312109,-0.18436810488971594,JP,0.08067726042259932,BULL,BULL,1.0
2021-09-30,2021-10-01,JP5.T,-0.9074196863491486,1.0748673029983764,6.702798619292671,0.19066611890391613,-0.17301418981320105,-0.27472670477559114,JP,0.08325247012010283,BULL,BULL,1.0
2021-09-30,2021-10-01,JP4.T,-0.02918168495899546,1.018614423378689,5.575845748477876,0.1988021777124262,-0.00580138251916625,-0.5829929517514444,JP,0.07984532941045382,BULL,BULL,1.0
2021-12-31,2022-01-03,US3,0.7844292636005874,1.1899850968796593,6.212424689686334,0.17061603307935935,0.13383620918689532,0.8499237435530037,US,0.09252988258437848,BULL,BULL,1.0
2021-12-31,2022-01-03,US1,1.3033056565204741,1.1541876867007077,5.353510556165293,0.18807427159549883,0.24511826201638157,0.8011360888324341,US,0.08394067606333555,BULL,BULL,1.0
2021-12-31,2022-01-03,US7,-0.15710627239799416,1.124473548269499,6.137440776246707,0.1861205730850193,-0.029240709453965823,0.16909954603796998,US,0.0848217972154753,BULL,BULL,1.0
2021-12-31,2022-01-03,US4,-0.44359405894059833,1.1033491605290686,6.479510256141026,0.1965909629727256,-0.08720658321611223,0.03543951058148717,US,0.08030420762543294,BULL,BULL,1.0
2021-12-31,2022-01-03,US6,0.4524635260519027,1.015482357480154,5.196960264389746,0.19798331510206585,0.08958022885052563,-0.09071187484491537,US,0.0797394543055655,BULL,BULL,1.0
2021-12-31,2022-01-03,US2,-0.30651522250190366,0.9507010596759556,6.097973555832997,0.18830149102428329,-0.057717273418748404,-0.4745060843528721,US,0.08383938662392036,BULL,BULL,1.0
2021-12-31,2022-01-03,JP0.T,3.2860028816435407,1.1752657346414759,5.616032931758101,0.1812130586688105,0.5954666329771513,0.8322308176268871,JP,0.08711889542518247,BULL,BULL,1.0
2021-12-31,2022-01-03,JP1.T,2.189020637410004,1.2302891768395596,5.477605546557467,0.19366455959431317,0.42393571768687116,0.7472291727623437,JP,0.0815176588887311,BULL,BULL,1.0
2021-12-31,2022-01-03,JP6.T,2.2591306680019794,1.129818581360262,5.164119155401542,0.1936438664382917,0.437466797341224,0.2964531254412618,JP,0.0815263700225507,BULL,BULL,1.0
2021-12-31,2022-01-03,JP3.T,0.7925281691267422,1.1361326979485296,5.968308095625661,0.1871760089930767,0.1483422597117337,0.15878269525679448,JP,0.08434350958102485,BULL,BULL,1.0
2021-12-31,2022-01-03,JP5.T,-1.1785095082008115,1.0853881268720282,7.580845030997317,0.18554410672334318,-0.21866549396408605,-0.12926613480086013,JP,0.08508532977220878,BULL,BULL,1.0
2021-12-31,2022-01-03,JP7.T,-0.60607852787647,1.0724660178868446,6.162691479481391,0.2098429782686886,-0.12718132335430088,-0.38258957964342216,JP,0.07523283189219394,BULL,BULL,1.0
2022-03-31,2022-04-01,US1,0.9477029643663382,1.18655434967864,6.011514771126976,0.18807705198862013,0.1782411796988972,0.7856757215466981,US,0.08358701361591048,BULL,BULL,1.0
2022-03-31,2022-04-01,US3,0.9403061269859813,1.2068211131143318,5.7906667164770385,0.17708629016204488,0.1665153236445881,0.7671004426284442,US,0.08877479499416693,BULL,BULL,1.0
2022-03-31,2022-04-01,US7,0.8711628558465798,1.10846980252147,5.496676615475982,0.18565049500634015,0.1617318154190545,0.2666696521174111,US,0.08467954316456959,BULL,BULL,1.0
2022-03-31,2022-04-01,US6,0.5418335769269272,1.0945901474721733,5.601220158068981,0.18629383145638334,0.1009402530574343,0.017340442698797115,US,0.08438711567910276,BULL,BULL,1.0
2022-03-31,2022-04-01,US2,0.47125347133115914,1.0176320530359335,5.536222353239389,0.19154299716585796,0.09026530232358494,-0.3241954120600275,US,0.0820745176697866,BULL,BULL,1.0
2022-03-31,2022-04-01,US4,-0.7390455823919554,1.0877105197589318,7.068163166082062,0.19190171395958466,-0.1418241139552757,-0.3910067165664214,US,0.08192109794664972,BULL,BULL,1.0
2022-03-31,2022-04-01,JP1.T,2.5349281010808795,1.3863510990177026,5.215781733105103,0.1939413503199237,0.4916273788875459,1.273795303475009,JP,0.08105955269198765,BULL,BULL,1.0
2022-03-31,2022-04-01,JP6.T,1.92812724308134,1.1437672798834224,5.689916126924263,0.1836611459176726,0.3541220589394018,0.5126786401260804,JP,0.08559676041910384,BULL,BULL,1.0
2022-03-31,2022-04-01,JP0.T,0.9976945420412034,1.026942045144243,6.521771654399686,0.18115229821893214,0.180734659211249,0.1355300053633912,JP,0.0867822228035643,BULL,BULL,1.0
2022-03-31,2022-04-01,JP3.T,-0.3528132276444734,1.1019345849627498,6.444281166920806,0.19570667309197937,-0.06904790300514306,-0.1513035145242043,JP,0.08032837540508667,BULL,BULL,1.0
2022-03-31,2022-04-01,JP7.T,-0.29064733154086037,1.0818590404413826,6.049947279119653,0.2024210841701041,-0.058833147961648645,-0.3297355516130349,JP,0.07766384203437106,BULL,BULL,1.0
2022-03-31,2022-04-01,JP5.T,-0.5141433517579537,1.012071615713894,6.777492915023818,0.18907653108529782,-0.09721244143096193,-0.3542123788354732,JP,0.08314516357570044,BULL,BULL,1.0
2022-06-30,2022-07-01,US2,1.8266555749103977,1.0774448706065127,5.302041512696937,0.19284614546500745,0.35226348671363733,0.4468444769306345,US,0.08042809003038717,BEAR,BULL,0.6
2022-06-30,2022-07-01,US6,0.17398219540794393,1.159854371723466,5.81550890503546,0.18514667180363098,0.032212224432869786,0.37187706296979794,US,0.083772757016789,BEAR,BULL,0.6
2022-06-30,2022-07-01,US7,0.47106316575405255,1.1249922699722803,5.88360446180615,0.18770170715439613,0.08841936038958993,0.3262976237806262,US,0.08263242452405951,BEAR,BULL,0.6
2022-06-30,2022-07-01,US1,0.8461456200718369,1.0961517242228314,5.850494268625761,0.17713872782825868,0.1498851586969783,0.31429660713414975,US,0.0875598878891713,BEAR,BULL,0.6
2022-06-30,2022-07-01,US3,-0.672343674603496,1.0730935632157625,6.666897159516102,0.18292276431071625,-0.1229869635252962,-0.20791200721976116,US,0.08479123529495075,BEAR,BULL,0.6
2022-06-30,2022-07-01,US5,1.0112030474381846,0.9989018907697178,5.726844096201541,0.19007661804951345,0.19220605541841182,-0.2262928762144289,US,0.08159997430842579,BEAR,BULL,0.6
2022-06-30,2022-07-01,JP1.T,3.599537390064081,1.4387938092630508,5.340560132727467,0.18978430806980645,0.6831357129447085,1.3247088630945896,JP,0.0817256563897147,BEAR,BULL,0.6
2022-06-30,2022-07-01,JP6.T,2.1432817312057106,1.3497757243388495,5.323769236271221,0.19011279241714119,0.4074652748561623,0.718640700847546,JP,0.08158444759172505,BEAR,BULL,0.6
2022-06-30,2022-07-01,JP0.T,-0.06813609049371872,0.9487374633966783,6.695938155064889,0.1832056358338515,-0.012482915782134582,-0.14669182493995558,JP,0.08466031669210736,BEAR,BULL,0.6
2022-06-30,2022-07-01,JP7.T,0.4236907288770617,1.0688841037572512,5.571983989893464,0.19178787351085955,0.0812587439175978,-0.23986197714866841,JP,0.08087188655644867,BEAR,BULL,0.6
2022-06-30,2022-07-01,JP2.T,-0.011240199310953238,0.9852834574587271,6.000000911211435,0.17780513515127935,-0.0019985651576113574,-0.352340918085099,JP,0.0872317165433743,BEAR,BULL,0.6
2022-06-30,2022-07-01,JP4.T,0.9365472034024808,0.9342885514129613,5.475975660705781,0.18655216898914914,0.17471491215545462,-0.4067556238640917,JP,0.08314160716284631,BEAR,BULL,0.6
2022-09-30,2022-10-03,US2,2.095157570109224,1.0995488484682072,5.24919489706362,0.19437390059442683,0.40724394926207125,0.6688033204054928,US,0.08121261744931997,BEAR,BEAR,0.2
2022-09-30,2022-10-03,US6,1.4225334986434273,1.1117308232669798,5.153601239131063,0.19403907163151177,0.276027079441497,0.4591532349948851,US,0.08135275590827845,BEAR,BEAR,0.2
2022-09-30,2022-10-03,US1,1.1869756919079184,1.0987059944261353,5.528962706135437,0.18086575242953068,0.21468325163248847,0.3804055837326465,US,0.08727806684827055,BEAR,BEAR,0.2
2022-09-30,2022-10-03,US4,-0.5084120567964171,1.1440658356622577,6.3410570139915015,0.19449887001548402,-0.0988855705491512,0.2589110019824097,US,0.08116043671539398,BEAR,BEAR,0.2
2022-09-30,2022-10-03,US5,0.46065846212079475,1.0388762087888301,6.1947911359977175,0.18941575992195103,0.08725597266708764,-0.1435330770403351,US,0.08333843624000353,BEAR,BEAR,0.2
2022-09-30,2022-10-03,US7,0.11960327024012636,1.0152655539319917,6.156777435011837,0.19314883609398917,0.02310123243991526,-0.4585251026469372,US,0.08172771604704784,BEAR,BEAR,0.2
2022-09-30,2022-10-03,JP1.T,3.555718690986888,1.3175530642259288,5.083487146208177,0.19671535920886707,0.6994644795431683,1.2433139038514647,JP,0.08024596195534785,BEAR,BEAR,0.2
2022-09-30,2022-10-03,JP6.T,1.1745895316805752,1.1829112730301519,5.517562864151968,0.19263412669260094,0.22626602865755874,0.33690160757175003,JP,0.08194608869225692,BEAR,BEAR,0.2
2022-09-30,2022-10-03,JP7.T,0.9218970755306718,1.1285110326908379,5.568373194635999,0.18879024939547248,0.17404517880639225,0.13414532093918888,JP,0.08361455785801773,BEAR,BEAR,0.2
2022-09-30,2022-10-03,JP2.T,-0.25273828788333913,1.0742529510251604,6.346756005805418,0.1802998907587583,-0.04556868569592165,-0.0950224383785988,JP,0.0875519844447855,BEAR,BEAR,0.2
2022-09-30,2022-10-03,JP4.T,1.2535979856530732,0.9936355917666055,5.600583301599339,0.1832031572894392,0.22966310894332412,-0.12328954272517556,JP,0.08616452611768007,BEAR,BEAR,0.2
2022-09-30,2022-10-03,JP0.T,0.16028726109941763,0.9642674467341065,6.023003945138765,0.1870181496971314,0.02997662699083407,-0.37876767025452424,JP,0.0844068517235975,BEAR,BEAR,0.2
2022-12-30,2023-01-02,US2,1.7238878157909905,1.123251242814871,5.3875126838437835,0.18752254202382518,0.3232678253810262,0.7937478936381401,US,0.08584197058346306,BULL,BEAR,0.6
2022-12-30,2023-01-02,US6,1.689122823110101,1.1381209641901824,5.067884161639137,0.20128099081406095,0.33998831544224495,0.7860134608427265,US,0.07997429101993919,BULL,BEAR,0.6
2022-12-30,2023-01-02,US5,0.8932048418846555,1.113119909119719,5.87206112865986,0.19052727225988406,0.17017988209360446,0.5005896583710656,US,0.0844881908254493,BULL,BEAR,0.6
2022-12-30,2023-01-02,US4,0.6907282015596993,1.0759183938161552,5.224490081317732,0.19778149368209574,0.13661325543282501,0.01563732442287505,US,0.08138933646653226,BULL,BEAR,0.6
2022-12-30,2023-01-02,US0,0.020657795511509355,1.0427419662073456,5.931646265670891,0.19501759223812856,0.004028633541602174,-0.291035531502442,US,0.08254283293832082,BULL,BEAR,0.6
2022-12-30,2023-01-02,US7,0.5400757957268121,1.0042487209779658,5.459423951703955,0.19163113450336738,0.10349533745293789,-0.4266559671843162,US,0.08400150934691958,BULL,BEAR,0.6
2022-12-30,2023-01-02,JP1.T,3.4743465713898964,1.3968551720396059,5.279726241791247,0.19643207967545284,0.6824731225313966,1.555214186782367,JP,0.08194845038927222,BULL,BEAR,0.6
2022-12-30,2023-01-02,JP2.T,0.5231192306996283,1.191567565980608,5.621492749244766,0.18133712889822842,0.09486093936652058,0.3595401552969316,JP,0.08877004193211686,BULL,BEAR,0.6
2022-12-30,2023-01-02,JP4.T,2.0626272470711653,0.939911989910987,5.4144006651058705,0.1866913543986464,0.38507467437526727,-0.007232586475732203,JP,0.08622415637829949,BULL,BEAR,0.6
2022-12-30,2023-01-02,JP6.T,1.0138863263629951,1.0467096028328329,5.424508738418984,0.19377506379466897,0.19646588757153194,-0.0909329447678649,JP,0.08307211578680063,BULL,BEAR,0.6
2022-12-30,2023-01-02,JP7.T,1.1359655332586789,1.1313680276298221,5.161721137731014,0.20102056189293888,0.22835242978667156,-0.145330716829925,JP,0.08007790041258887,BULL,BEAR,0.6
2022-12-30,2023-01-02,JP3.T,0.11092487367248031,1.0663398260417372,5.447315322530028,0.1971037277632217,0.021863706102510316,-0.33812769610213955,JP,0.08166920392029782,BULL,BEAR,0.6
2023-03-31,2023-04-03,US4,1.4776625513405497,1.0910752276810516,5.2858720454809704,0.19464132045127205,0.28761419017432016,0.8878663851458692,US,0.08273150004352178,BULL,BEAR,0.6
2023-03-31,2023-04-03,US6,1.5244404830334586,1.0849665681630307,5.029479727140293,0.20221862640671817,0.30827026051781997,0.7937960865997156,US,0.07963147954035639,BULL,BEAR,0.6
2023-03-31,2023-04-03,US2,0.3685294787816514,1.0342477191441253,6.581800626397806,0.1790753186562261,0.06599453384703714,0.328310378906124,US,0.08992288011671049,BULL,BEAR,0.6
2023-03-31,2023-04-03,US7,0.3109203863415461,1.049716597059623,5.590064264521891,0.19230823885447035,0.059792551921294256,0.10304670688855816,US,0.08373519776015163,BULL,BEAR,0.6
2023-03-31,2023-04-03,US0,-0.14033719580679982,1.0104002967706527,5.583012966441297,0.20031850101694734,-0.028112136700939965,-0.39395197772797086,US,0.08038682562836873,BULL,BEAR,0.6
2023-03-31,2023-04-03,US1,-0.13473250274031937,0.9706364165280009,6.276490944717169,0.18657932421122125,-0.0251382993105753,-0.4477370165927328,US,0.08630628543361979,BULL,BEAR,0.6
2023-03-31,2023-04-03,JP1.T,1.9766624372757131,1.3173849574124858,5.2970718245500885,0.20637193471693557,0.40792765146288223,1.1904783258438787,JP,0.07802886779867983,BULL,BEAR,0.6
2023-03-31,2023-04-03,JP4.T,2.6324386748003437,1.0344954314494945,5.369400324134236,0.18891555071472865,0.4973086019726574,0.4827070269420584,JP,0.08523897768321777,BULL,BEAR,0.6
2023-03-31,2023-04-03,JP3.T,1.1331559083663756,1.1289823547622462,5.301439270497199,0.19821449248349593,0.22460792328151594,0.06571835418482884,JP,0.08124011624793956,BULL,BEAR,0.6
2023-03-31,2023-04-03,JP2.T,0.0891304785308288,1.0733496777395095,5.670578929020971,0.18373396181751067,0.016376295939159752,-0.22683842787024067,JP,0.0876428519370819,BULL,BEAR,0.6
2023-03-31,2023-04-03,JP7.T,0.9082990599735979,1.07396910053207,5.2891863140432225,0.1949110642007735,0.17703753639201616,-0.26784014351135765,JP,0.08261700523474771,BULL,BEAR,0.6
2023-03-31,2023-04-03,JP0.T,1.0540637916030313,1.0995775174528437,5.125287314933211,0.19514488908263178,0.20569516169839183,-0.28434995616602277,JP,0.08251801257560447,BULL,BEAR,0.6
2023-06-30,2023-07-03,US6,2.5849504406675945,1.1706361167803565,5.072080640072397,0.1971577486563239,0.5096430092701953,1.348448585610908,US,0.08154575777953324,BULL,BEAR,0.6
2023-06-30,2023-07-03,US4,1.1603199263103718,1.087673726315213,5.198723944886828,0.20652979894108175,0.2396406410882119,0.321863704642403,US,0.07784531868388248,BULL,BEAR,0.6
2023-06-30,2023-07-03,US2,0.7618600432111001,1.0632946314803104,5.827199290699086,0.17390294378578472,0.13248970426717546,0.2642724522716708,US,0.0924502924809079,BULL,BEAR,0.6
2023-06-30,2023-07-03,US1,0.7104804899044936,0.9893184795295926,5.667955002796938,0.18482421281488495,0.13131399726693185,-0.25997962802495894,US,0.08698740154997635,BULL,BEAR,0.6
2023-06-30,2023-07-03,US0,0.6658070197089697,1.02360421624461,5.191586918015806,0.20055035620771478,0.13352783496823084,-0.26449928714170423,US,0.08016629000466576,BULL,BEAR,0.6
2023-06-30,2023-07-03,US7,0.17778810630576722,1.0300728742391485,5.472976065668233,0.1924206611223695,0.034210104955049836,-0.3138838385837942,US,0.08355328332471693,BULL,BEAR,0.6
2023-06-30,2023-07-03,JP0.T,3.1543659237066097,1.2023722383428723,5.573653604377484,0.19115670499003867,0.6029781963086153,1.0783438504624039,JP,0.08410574987220296,BULL,BEAR,0.6
2023-06-30,2023-07-03,JP4.T,1.9587545400578565,1.1677283260971099,5.72857684128003,0.18622602115187722,0.36477106440814994,0.6556027400228501,JP,0.08633260763905129,BULL,BEAR,0.6
2023-06-30,2023-07-03,JP1.T,1.8187165041600644,1.3256789666711497,5.058948663712492,0.20844963509795517,0.3791107916387941,0.523254803962389,JP,0.07712835769048751,BULL,BEAR,0.6
2023-06-30,2023-07-03,JP3.T,0.9991129621366889,1.1457807300031118,5.484103588345567,0.19434892206598037,0.19417652721341414,0.051260310971045164,JP,0.08272429733790088,BULL,BEAR,0.6
2023-06-30,2023-07-03,JP2.T,-0.09753533558223319,1.04254147543108,5.83561666272316,0.1876237933259537,-0.018299949645258457,-0.3715416356456377,JP,0.08568944125522444,BULL,BEAR,0.6
2023-06-30,2023-07-03,JP5.T,0.5138622331871048,1.052468246247963,5.384020544003224,0.19733817037598145,0.1014046329224592,-0.4602706083109187,JP,0.0814712023814502,BULL,BEAR,0.6
2023-09-29,2023-10-02,US6,1.8131584137153873,1.150886479408903,5.19596866600973,0.19245689577415312,0.3489548398504511,1.1609242785812306,US,0.08422132242863968,BULL,BEAR,0.6
2023-09-29,2023-10-02,US5,0.11770009308590401,1.1064253039874152,5.834977534089218,0.18972985555969354,0.022331221660551053,0.28320787417941135,US,0.08543185902289543,BULL,BEAR,0.6
2023-09-29,2023-10-02,US7,0.7350334289896269,1.0549730641891737,5.376751553520594,0.1898938890032695,0.13957835637824878,0.19358226510062193,US,0.08535806158738986,BULL,BEAR,0.6
2023-09-29,2023-10-02,US0,0.41239614087252674,1.030358175524158,5.490210857620938,0.20102826322071457,0.0829032799585292,-0.05666143856150559,US,0.08063032537277488,BULL,BEAR,0.6
2023-09-29,2023-10-02,US4,0.15607279787407133,0.9847786347750557,6.234165362006137,0.20342706489532789,0.0317494311815241,-0.17790636999770384,US,0.07967953664843111,BULL,BEAR,0.6
2023-09-29,2023-10-02,US1,0.8111015200544607,0.9464739498010343,5.429852391524966,0.1858813597190129,0.15076865341788137,-0.29263497342796896,US,0.08720064398663915,BULL,BEAR,0.6
2023-09-29,2023-10-02,JP0.T,1.0246921677460723,1.1546190768076856,6.729918000493342,0.18929473344296485,0.1939688307545866,0.668541040206399,JP,0.08562823686531074,BULL,BEAR,0.6
2023-09-29,2023-10-02,JP3.T,1.679735110590238,1.2095302935010281,5.192033185205964,0.19260277512273466,0.32352164377077347,0.6427470021481477,JP,0.08415753232154109,BULL,BEAR,0.6
2023-09-29,2023-10-02,JP7.T,1.764937512061043,1.1282167304005986,5.539682955636777,0.19010161357375885,0.3355174688996598,0.5537265031110995,JP,0.08526479059222197,BULL,BEAR,0.6
2023-09-29,2023-10-02,JP4.T,1.4313351165270092,1.1168884795754097,5.367971943725631,0.199815685510891,0.28600320750465535,0.2569722135735064,JP,0.08111962897790914,BULL,BEAR,0.6
2023-09-29,2023-10-02,JP1.T,1.1987939558159622,1.1511994271260444,5.2457079694529165,0.20296313692015694,0.2433109817933317,0.19001209265919897,JP,0.07986166610632577,BULL,BEAR,0.6
2023-09-29,2023-10-02,JP5.T,0.4135315469129023,1.1031964591838603,5.428870453891232,0.1990140147479882,0.0822985733760827,-0.35497339779892156,JP,0.08144639608992114,BULL,BEAR,0.6
2023-12-29,2024-01-01,US1,2.281725473710731,1.1653563398214313,5.216371907569565,0.19170412265829498,0.43741618008479816,1.3280800510907755,US,0.08185532345023364,BULL,BEAR,0.6
2023-12-29,2024-01-01,US5,-0.05134820172702279,1.0453506903496381,6.302738608167635,0.17951043674707146,-0.00921753811819459,0.1817514958647041,US,0.0874155467018772,BULL,BEAR,0.6
2023-12-29,2024-01-01,US3,-0.6890132215705187,1.0336042615211114,6.9968728002422536,0.18594811190010244,-0.12812070762524488,0.07998212414116745,US,0.08438914924486175,BULL,BEAR,0.6
2023-12-29,2024-01-01,US0,-0.26138154621190474,1.0343641803058494,6.351435443677045,0.20047453669490542,-0.05240034437742961,0.06255689337653643,US,0.07827429470915333,BULL,BEAR,0.6
2023-12-29,2024-01-01,US7,-0.03435300921274038,0.9881092251132102,6.068302265123985,0.18964332668387007,-0.006514818948705721,-0.12402886526116844,US,0.08274482019130634,BULL,BEAR,0.6
2023-12-29,2024-01-01,US6,0.21415466442400344,0.9415244699291487,6.196737093813016,0.18661937344914445,0.03996540929601931,-0.17533403259759356,US,0.08408560524512862,BULL,BEAR,0.6
2023-12-29,2024-01-01,JP3.T,1.8365836391161579,1.1131963877346582,5.334945315886315,0.1900332985215828,0.3490120469520157,0.7876986403797948,JP,0.08257501758385676,BULL,BEAR,0.6
2023-12-29,2024-01-01,JP0.T,0.5550350089233742,1.0936654729450273,6.924282522063097,0.17911334563694759,0.09941417739389861,0.5028872033661111,JP,0.08760934541831843,BULL,BEAR,0.6
2023-12-29,2024-01-01,JP7.T,0.603723190824105,1.1108212984092594,6.519410098040405,0.17471152647318536,0.10547740023614155,0.47924674431317615,JP,0.0898166439484827,BULL,BEAR,0.6
2023-12-29,2024-01-01,JP1.T,0.22651528002443888,1.1407998698604112,5.659385109255306,0.19856387856476015,0.044977752555835325,0.11269462244905458,JP,0.0790274801255968,BULL,BEAR,0.6
2023-12-29,2024-01-01,JP5.T,-0.31895370555283103,1.094467379080906,6.079366852172538,0.19075201516869167,-0.06084106207972404,-0.307642756202029,JP,0.08226389091124812,BULL,BEAR,0.6
2023-12-29,2024-01-01,JP4.T,0.030749762929814555,1.0538978671440877,5.95904259703865,0.19629018221652453,0.00603587656860823,-0.3671339295191669,JP,0.07994288246993629,BULL,BEAR,0.6
2024-03-29,2024-04-01,US1,0.9322194177133474,1.1333330520178186,6.0543019053675025,0.18437752691053452,0.17188031077596552,1.242931945883377,US,0.08536671725076611,BULL,BULL,1.0
2024-03-29,2024-04-01,US7,0.3455608187125665,1.033284272599553,5.560573898204804,0.19231270633098946,0.06645573624856609,0.24009041898236938,US,0.08184432795656003,BULL,BULL,1.0
2024-03-29,2024-04-01,US2,1.3281537003812667,0.9416460302497951,4.8907576595716575,0.20663453345231192,0.2744424202312447,0.048615045377332355,US,0.07617170249424741,BULL,BULL,1.0
2024-03-29,2024-04-01,US5,0.051121470366046154,0.9999091694300267,5.893655054991761,0.18898127950242763,0.009661000879820839,-0.01958543881343275,US,0.08328710784797563,BULL,BULL,1.0
2024-03-29,2024-04-01,US3,-0.694669571962588,1.0023041903833083,7.024752057979464,0.18751496127877046,-0.13026093788810475,-0.1039579574519108,US,0.0839383913679697,BULL,BULL,1.0
2024-03-29,2024-04-01,US4,-0.29088815233031445,0.9348498709661479,6.440218028619012,0.19806916350596446,-0.057615973005860945,-0.43237560415047416,US,0.07946569737844704,BULL,BULL,1.0
2024-03-29,2024-04-01,JP7.T,0.5262573386466982,1.2096330740714096,6.225100100419133,0.17864496547729583,0.09401322409471298,0.8696280973603217,JP,0.08810606089633964,BULL,BULL,1.0
2024-03-29,2024-04-01,JP6.T,2.1906150876755035,1.05371026155496,5.224756910854697,0.19145969496226922,0.4194144964660966,0.5179631488428535,JP,0.08220896941400083,BULL,BULL,1.0
2024-03-29,2024-04-01,JP0.T,0.2103601289557307,1.0625490632582844,7.117578671587015,0.17874618186166155,0.03760106986676361,0.2600116636604783,JP,0.08805617016954617,BULL,BULL,1.0
2024-03-29,2024-04-01,JP1.T,0.38476913150181136,1.1045824731260692,5.688512018657478,0.19131811151770012,0.07361330360923217,0.08526638299680957,JP,0.08226980750701657,BULL,BULL,1.0
2024-03-29,2024-04-01,JP5.T,-0.7100786471331311,1.0910031937285032,6.513081920116134,0.18522323842847183,-0.13152306656090665,-0.22577619220343115,JP,0.08497694101836668,BULL,BULL,1.0
2024-03-29,2024-04-01,JP3.T,0.7261135613486809,0.9456532032142323,5.980426018683012,0.18669265416439304,0.13556006799294507,-0.475427253177049,JP,0.08430810669876412,BULL,BULL,1.0
2024-06-28,2024-07-01,US1,0.7186510605487703,1.143411361901936,5.7456682074707635,0.18607266825493313,0.13372132038054718,0.9780533646530711,US,0.08585973614593327,BEAR,BULL,0.6
2024-06-28,2024-07-01,US7,0.11273833187543746,1.0461856359442354,5.9494791266660725,0.19618225657796726,0.022117260350159096,0.3006400820735445,US,0.08143524536322708,BEAR,BULL,0.6
2024-06-28,2024-07-01,US2,1.2428166369331424,0.9446403497335132,4.713420061430129,0.21216016967869902,0.2636761885712456,0.20927292925770336,US,0.07530230685869567,BEAR,BULL,0.6
2024-06-28,2024-07-01,US5,0.15885607957254047,0.9920645265913666,5.908223863819038,0.1865177483253939,0.029629478269669846,0.08898566264709977,US,0.08565485238684506,BEAR,BULL,0.6
2024-06-28,2024-07-01,US4,0.07251468811770173,0.9662377529853595,5.853889643413861,0.1868597336614275,0.013550075308215226,-0.07412244319874806,US,0.08549808932771805,BEAR,BULL,0.6
2024-06-28,2024-07-01,US3,-0.7040583042735958,1.0079952151654477,6.417974543937956,0.18926382844595346,-0.13325277011598674,-0.18483828325634866,US,0.0844120629468325,BEAR,BULL,0.6
2024-06-28,2024-07-01,JP6.T,2.2842075760046363,1.1688801945570044,5.217230724804692,0.19374216030185631,0.4425473103530049,1.0367250548644262,JP,0.08246088603248253,BEAR,BULL,0.6
2024-06-28,2024-07-01,JP1.T,1.2197419428812066,1.1334527321928165,5.163771012726276,0.19365692195402712,0.23621147023659925,0.44506471987034,JP,0.08249718129946816,BEAR,BULL,0.6
2024-06-28,2024-07-01,JP4.T,0.9718151952867244,1.10517882903053,5.264455909567129,0.19497621864970247,0.18948085200332768,0.22542865195640088,JP,0.08193896830588017,BEAR,BULL,0.6
2024-06-28,2024-07-01,JP3.T,1.448471587370175,1.0258352979543217,5.505711498080675,0.19284578642419495,0.2793316423795034,0.02414742663185747,JP,0.0828441756315912,BEAR,BULL,0.6
2024-06-28,2024-07-01,JP7.T,0.04830849145375235,1.0763531627826628,6.084435317926674,0.18941114745492674,0.009150166798071754,-0.06914115399431522,JP,0.08434640946431149,BEAR,BULL,0.6
2024-06-28,2024-07-01,JP2.T,0.2651099621276779,1.0103678826163398,5.888364382727872,0.18206421082238497,0.048267036035928045,-0.3970411010375416,JP,0.08775008623701484,BEAR,BULL,0.6
2024-09-30,2024-10-01,US2,3.4822310700766543,1.1714943084086393,5.366158566053696,0.1997245328424691,0.6954869737205911,1.0884689949696167,US,0.08116013733381962,BEAR,BEAR,0.2
2024-09-30,2024-10-01,US1,0.6608800834647796,1.2179899605863447,5.283772396471087,0.1892587199001754,0.12507731860406526,0.44484128014781926,US,0.08564820962002469,BEAR,BEAR,0.2
2024-09-30,2024-10-01,US7,0.8497951621509141,1.176130359817442,5.12984480341749,0.19493767127882747,0.16565708997371278,0.3500820332229321,US,0.08315309405354696,BEAR,BEAR,0.2
2024-09-30,2024-10-01,US3,-0.1659207005858253,1.06528024241903,5.928219594923118,0.19298138282712762,-0.03201960623869837,-0.05843134878494699,US,0.08399603255485195,BEAR,BEAR,0.2
2024-09-30,2024-10-01,US4,-0.24531388899146359,0.9854501837846357,5.808075020624887,0.199361823783607,-0.048906224308787494,-0.32097012942751957,US,0.08130779608046823,BEAR,BEAR,0.2
2024-09-30,2024-10-01,US6,-0.6593794755203111,0.9253851344853923,6.846400072668472,0.191405920569659,-0.12620913551670407,-0.3818777233194171,US,0.08468740395377958,BEAR,BEAR,0.2
2024-09-30,2024-10-01,JP6.T,0.4485325519249959,1.1482735354060796,6.412928062693478,0.20129481298363228,0.09028727615681338,0.8645017348457371,JP,0.08052701544647255,BEAR,BEAR,0.2
2024-09-30,2024-10-01,JP3.T,1.700494677599875,0.9619852402417475,5.295231992254747,0.1928923104977848,0.32801234735142554,0.27118450524738363,JP,0.08403481959750755,BEAR,BEAR,0.2
2024-09-30,2024-10-01,JP2.T,0.5738533575789941,1.0487274647445692,5.511592101127353,0.18473541817743727,0.10601103998488193,0.12317650051837742,JP,0.08774533153603749,BEAR,BEAR,0.2
2024-09-30,2024-10-01,JP7.T,-0.06988441402417886,1.1098005841496286,5.572119277515568,0.19271985516389917,-0.013468114148953714,0.07256633957746633,JP,0.08411001814339368,BEAR,BEAR,0.2
2024-09-30,2024-10-01,JP1.T,0.45833378724297924,1.0267314237014016,5.843900188728591,0.19361394218995207,0.08873981138696398,0.067489374532779,JP,0.08372160770594024,BEAR,BEAR,0.2
2024-09-30,2024-10-01,JP4.T,0.10243695005045232,1.056218080864455,5.485637585572192,0.20285280818279045,0.02077962297941449,-0.12238113580661136,JP,0.07990853397415747,BEAR,BEAR,0.2
2024-12-31,2025-01-01,US2,2.106334623156244,1.2035395756576217,5.560231502788099,0.19990573850729393,0.4210683783855316,1.0665737403979914,US,0.08112461211803128,BEAR,BULL,0.6
2024-12-31,2025-01-01,US7,1.2330745739551467,1.2000875239032625,5.344383370845776,0.18892639653424634,0.23296033591534693,0.7024775788268386,US,0.08583911932937933,BEAR,BULL,0.6
2024-12-31,2025-01-01,US6,0.0850885620856493,1.0991876955320041,5.581650018535772,0.19044430528035655,0.016204632093705967,0.026195377378232368,US,0.0851549510640345,BEAR,BULL,0.6
2024-12-31,2025-01-01,US3,0.9845652734225787,1.0218575406044679,5.1875252861780226,0.1927701446900827,0.18979479021450132,-0.027201959255803015,US,0.0841275267113867,BEAR,BULL,0.6
2024-12-31,2025-01-01,US4,-0.22104668818507733,1.0359585830901243,5.868173578815957,0.1935033245850419,-0.04277326905232557,-0.22195609586951612,US,0.08380876933949294,BEAR,BULL,0.6
2024-12-31,2025-01-01,US1,-1.086269024959574,1.0265141427912416,6.63914699296078,0.19575521454259348,-0.2126428260319352,-0.35782711039335835,US,0.08284466666426486,BEAR,BULL,0.6
2024-12-31,2025-01-01,JP4.T,0.9087084255110917,1.1735623602384375,4.720125455859487,0.21331184884218096,0.19383827430423825,0.6102466482390716,JP,0.07602613537221357,BEAR,BULL,0.6
2024-12-31,2025-01-01,JP7.T,0.9404400663275166,1.098966886870508,5.19049096631947,0.1957345982978898,0.1840766586058573,0.4917953002968978,JP,0.08285339248961816,BEAR,BULL,0.6
2024-12-31,2025-01-01,JP3.T,1.3272943745498404,1.0091881430762557,5.285851974639641,0.19134353814318286,0.2539692017839094,0.41604186315360947,JP,0.08475475918312632,BEAR,BULL,0.6
2024-12-31,2025-01-01,JP1.T,-0.2682145771968832,1.0894740417393471,6.623536871879382,0.1861266192414469,-0.04992187248492994,0.1691895776618358,JP,0.0871303393499855,BEAR,BULL,0.6
2024-12-31,2025-01-01,JP6.T,0.07879692453550993,1.0441985969051442,6.000380630635179,0.1945560866919989,0.015330421280993564,0.02743269502258057,JP,0.08335527185148582,BEAR,BULL,0.6
2024-12-31,2025-01-01,JP2.T,0.08960739120678982,0.9873617595853288,5.878422196266649,0.19543487919109942,0.017512409675128553,-0.20722602360583448,JP,0.08298045652698101,BEAR,BULL,0.6
2025-03-31,2025-04-01,US2,0.8844054464040598,1.1219978750611632,5.770129632834968,0.19816575420707302,0.1752588723115036,0.5634741611488403,US,0.08154183751617688,BULL,BEAR,0.6
2025-03-31,2025-04-01,US6,0.42872329056952796,1.1954934636392356,5.412598568097235,0.19553570134853465,0.08383070930596426,0.48253257982364683,US,0.0826386159631349,BULL,BEAR,0.6
2025-03-31,2025-04-01,US7,0.6382446675542568,1.1454239300119338,5.520532552230142,0.18593376358870659,0.1186712331287858,0.44602163967929354,US,0.08690621551967155,BULL,BEAR,0.6
2025-03-31,2025-04-01,US3,1.204728940675483,1.0566993166157308,5.056062392026465,0.19778236945355432,0.2382741444360675,0.2995897601329917,US,0.08169989961930556,BULL,BEAR,0.6
2025-03-31,2025-04-01,US4,-0.12959858925404805,1.04616431083165,6.00839267621914,0.19134557868746555,-0.024798117057894975,-0.17501954363021144,US,0.08444825243240547,BULL,BEAR,0.6
2025-03-31,2025-04-01,US1,-0.7972553758646569,1.0674096923301923,6.590186262218965,0.19567896557944311,-0.1560061072518462,-0.2886344294392843,US,0.0825781129973499,BULL,BEAR,0.6
2025-03-31,2025-04-01,JP4.T,1.787899092923978,1.2551879598601585,4.901372904001829,0.2168770671767592,0.3877543116813404,1.0994040346072964,JP,0.07450672374527292,BULL,BEAR,0.6
2025-03-31,2025-04-01,JP3.T,1.292377925907115,1.0594006871975097,5.172796992981613,0.1953944475118138,0.2525234708090846,0.3498358088479756,JP,0.08269835676802849,BULL,BEAR,0.6
2025-03-31,2025-04-01,JP7.T,0.6073502797470203,1.103440403352779,5.6648366583126935,0.19243760628153345,0.11687703400893629,0.27973096211107445,JP,0.08396903309628422,BULL,BEAR,0.6
2025-03-31,2025-04-01,JP2.T,0.5141116600026425,1.07305654248247,5.521419569880386,0.1892329938830568,0.09728688861248824,0.11029300660166766,JP,0.08539102721594996,BULL,BEAR,0.6
2025-03-31,2025-04-01,JP1.T,-0.540005084793631,1.0737546870167174,7.391706022339824,0.18373151712557179,-0.09921595348465685,0.07521630662163381,JP,0.087947892575121,BULL,BEAR,0.6
2025-03-31,2025-04-01,JP6.T,-0.1925312092195222,0.9386624262501637,6.547362299536653,0.1886079042812462,-0.03631290787962823,-0.37077871712789867,JP,0.0856740325512991,BULL,BEAR,0.6
2025-06-30,2025-07-01,US7,1.4216588424223404,1.186210572170908,5.401000102336415,0.18690409473980707,0.26571385897178956,0.7591252658056368,US,0.08493564166110139,BULL,BULL,1.0
2025-06-30,2025-07-01,US6,0.4082863879033127,1.2273694386084941,5.227062389117738,0.19635513035268073,0.08016912691798013,0.4314757803617727,US,0.08084748887029052,BULL,BULL,1.0
2025-06-30,2025-07-01,US3,0.8484569988756226,1.1122455344754478,5.616124662576394,0.19204783703984568,0.16294433145538212,0.35928983546595483,US,0.08266075505197763,BULL,BULL,1.0
2025-06-30,2025-07-01,US2,0.4971015276643014,1.1209706323247692,5.621114709868351,0.201987163924557,0.10040812775547696,0.24134828470489142,US,0.07859320813941477,BULL,BULL,1.0
2025-06-30,2025-07-01,US4,0.0031301942408031944,1.133107692602248,5.515844702674311,0.19034353013488445,0.0005958122218023646,0.05648904072361373,US,0.08340088683110644,BULL,BULL,1.0
2025-06-30,2025-07-01,US1,-0.4758150031124333,1.014235376978228,6.831932598796556,0.186600631137094,-0.08878737988527839,-0.24496591486980407,US,0.0850737702175814,BULL,BULL,1.0
2025-06-30,2025-07-01,JP4.T,2.0647075342489742,1.188674939294345,4.700604445344468,0.21477786858954076,0.44345348346676094,1.107954097989422,JP,0.07391273281583291,BULL,BULL,1.0
2025-06-30,2025-07-01,JP7.T,0.530184807642296,1.192976616259354,5.885877714069794,0.18281781229370384,0.09692722664452276,0.7151633485420695,JP,0.08683409464669281,BULL,BULL,1.0
2025-06-30,2025-07-01,JP3.T,0.7859142315099884,0.9883601328152959,5.4134069256954005,0.19624224939201354,0.15422957662071582,0.006645143885214894,JP,0.08089399334238805,BULL,BULL,1.0
2025-06-30,2025-07-01,JP2.T,0.315406924458206,1.0156074720858588,5.734881412545218,0.18576739444928647,0.05859232254786386,-0.03102972654914702,JP,0.085455358099166,BULL,BULL,1.0
2025-06-30,2025-07-01,JP5.T,-0.08864123105031751,0.951734581519412,6.085660085862167,0.18041896578832836,-0.015992559232302545,-0.35548041612437453,JP,0.08798863881326921,BULL,BULL,1.0
2025-06-30,2025-07-01,JP1.T,-1.057771888100791,0.9322154107767562,8.0752306554894,0.1775638691656688,-0.1878220691458513,-0.4291566087485855,JP,0.08940343151117888,BULL,BULL,1.0
2025-09-30,2025-10-01,US6,1.4242109501803781,1.271348269126089,5.067593261905623,0.19733233278946286,0.2810428691833915,0.9312699773947233,US,0.07904475029451254,BEAR,BEAR,0.2
2025-09-30,2025-10-01,US3,0.958239690109477,1.132705703148438,5.401287977253941,0.18514102640170801,0.1774094797657232,0.45421781005526757,US,0.08424974881868129,BEAR,BEAR,0.2
2025-09-30,2025-10-01,US4,-0.054048201245263036,1.1931765580696099,6.286754681936443,0.17954854903159498,-0.009704276111354623,0.30248070220341533,US,0.08687391267991791,BEAR,BEAR,0.2
2025-09-30,2025-10-01,US7,0.044673101967842466,1.1291735357109651,6.099926810618344,0.18639430892203898,0.008326811968699777,0.16184920131733066,US,0.08368326833895327,BEAR,BEAR,0.2
2025-09-30,2025-10-01,US2,-0.07365173940007243,1.1123836190347534,5.385077796717296,0.20748807984213713,-0.015281857985154504,-0.05812870359796739,US,0.07517581242375086,BEAR,BEAR,0.2
2025-09-30,2025-10-01,US1,-0.3958037610601727,0.9676241314312458,6.547179651202362,0.18491476167562146,-0.07318995814675645,-0.3377954164502348,US,0.08435283818897592,BEAR,BEAR,0.2
2025-09-30,2025-10-01,JP4.T,1.9663368042911504,1.1394652921885304,4.979842702369771,0.20841763251186257,0.4098192614713032,1.1047968123173304,JP,0.07484052468300129,BEAR,BEAR,0.2
2025-09-30,2025-10-01,JP1.T,-0.5755351992097669,1.1034210207349309,6.891233179642303,0.17636504198471326,-0.10150428957231085,0.3580898375716201,JP,0.08844204494748302,BEAR,BEAR,0.2
2025-09-30,2025-10-01,JP5.T,1.241414983491134,1.0122800649501313,5.538628022501761,0.18312789555702857,0.22733771343969478,0.18885336009575138,JP,0.08517590901665377,BEAR,BEAR,0.2
2025-09-30,2025-10-01,JP7.T,0.3867435841559157,1.040682360925075,5.909447842951658,0.1779857414912817,0.06883484359298657,0.08669957603434897,JP,0.0876367108942869,BEAR,BEAR,0.2
2025-09-30,2025-10-01,JP0.T,0.7909477998667569,0.9767333026213953,5.5557201904419315,0.18332024758094015,0.14499674649517377,-0.23412028881959912,JP,0.0850865366821514,BEAR,BEAR,0.2
2025-09-30,2025-10-01,JP6.T,-0.12480554187261766,0.990650035015908,6.206794837845915,0.1825662512099789,-0.022785279909913858,-0.3535617911677029,JP,0.0854379430316317,BEAR,BEAR,0.2
